customer_id,full_name,gender,age,region,subscription_type,registration_date,customer_status,customer_segment
CUST062555,Richard Clark,Male,46,North,Premium,2022-11-10,Active,Corporate
CUST013462,Morgan Lynch,Male,54,North,Basic,2022-11-29,Suspended,Corporate
CUST002645,Dr. John Gonzalez,Male,35,Littoral,Basic,2022-10-23,Active,SME
CUST057228,Mr. Andrew Moreno,Female,65,Central,Unlimited,2022-11-17,Active,Corporate
CUST096128,Lisa Cabrera,Female,49,South,Unlimited,2021-06-23,Inactive,Residential
CUST092724,Matthew Williamson,Male,50,Littoral,Business,2024-05-11,Suspended,Youth
CUST072906,Blake Lindsey,Female,21,North,Basic,2023-11-27,Inactive,SME
CUST067352,Adam Ryan,Male,20,West,Premium,2026-01-18,Active,Corporate
CUST036432,Erik Rodgers,Female,32,South,Premium,2025-01-06,Active,Residential
CUST038665,Debra Garner,Female,66,Littoral,Business,2021-07-07,Suspended,Corporate
CUST024343,Michelle Cordova,Female,28,Central,Unlimited,2022-02-12,Inactive,Youth
CUST085477,Michael Nichols,Female,55,Littoral,Unlimited,2024-06-04,Inactive,Youth
CUST016940,Francis Reed,Female,54,East,Basic,2025-09-30,Suspended,Corporate
CUST044507,David Lane,Male,41,Central,Business,2026-04-23,Inactive,Youth
CUST056896,Charles Walters,Male,38,West,Premium,2021-09-13,Suspended,SME
CUST075390,Debra Paul,Male,59,Littoral,Business,2026-01-21,Suspended,Youth
CUST038143,Matthew Larsen,Female,60,East,Premium,2023-06-09,Suspended,Corporate
CUST094491,David Baldwin,Male,37,South,Unlimited,2024-01-11,Suspended,Youth
CUST051564,Amber Marshall,Male,36,Central,Business,2022-02-21,Active,Youth
CUST027709,Tonya Walker,Male,56,West,Basic,2024-02-10,Inactive,Corporate
CUST016723,Rickey Cunningham,Male,46,South,Premium,2024-11-25,Suspended,Residential
CUST023965,Devin Chavez,Female,40,South,Business,2023-11-30,Inactive,SME
CUST010082,Derek Martin,Female,57,Littoral,Basic,2025-07-31,Inactive,SME
CUST029813,Tonya Jones,Male,39,Central,Unlimited,2022-07-04,Inactive,Corporate
CUST047740,Andrew Kennedy,Female,49,Central,Basic,2021-07-12,Inactive,Residential
CUST084646,Gerald Howard,Female,66,South,Premium,2021-07-17,Suspended,Residential
CUST058028,Kelli Rhodes,Female,65,North,Unlimited,2022-01-26,Active,Youth
CUST067623,Danny Lamb,Female,37,Littoral,Unlimited,2024-03-22,Suspended,Corporate
CUST092047,Amy Robinson,Male,35,Central,Basic,2024-09-03,Active,SME
CUST088546,Maria Smith,Male,31,East,Basic,2023-03-27,Active,SME
CUST054434,Deborah Chapman,Female,28,Littoral,Premium,2024-04-20,Suspended,Youth
CUST098485,Valerie Blake,Female,41,Littoral,Premium,2023-09-30,Suspended,SME
CUST049857,Tiffany Zuniga,Female,18,Central,Unlimited,2024-03-10,Suspended,Youth
CUST035992,Cynthia Dixon,Male,57,Littoral,Basic,2022-09-23,Active,Residential
CUST051825,Julie Rose,Female,59,South,Basic,2023-05-16,Active,SME
CUST081260,Rachel Mitchell,Female,43,South,Basic,2025-12-31,Active,Residential
CUST039077,Jessica Reid,Male,38,South,Premium,2024-08-02,Suspended,Corporate
CUST029317,Darrell Taylor,Female,36,Littoral,Basic,2026-02-19,Suspended,SME
CUST008205,David Park,Male,55,South,Basic,2026-01-25,Suspended,Residential
CUST031396,Robin Harris,Male,38,South,Basic,2021-06-20,Active,Corporate
CUST082695,Steven Chandler,Male,37,Central,Business,2025-11-21,Suspended,Residential
CUST091619,David Curry,Female,27,South,Premium,2023-08-24,Inactive,SME
CUST012796,Elizabeth Oconnor,Female,20,West,Basic,2025-02-10,Inactive,Corporate
CUST020601,Heather Butler,Female,35,Central,Premium,2025-10-26,Suspended,Corporate
CUST002224,Maria Fischer MD,Male,50,West,Business,2025-05-20,Active,Corporate
CUST009116,Jessica Simmons,Female,47,North,Basic,2026-01-27,Inactive,Youth
CUST030438,Jennifer Pacheco,Male,60,Littoral,Unlimited,2025-09-06,Suspended,Residential
CUST039481,Mark Erickson,Female,55,East,Premium,2025-03-03,Inactive,Residential
CUST045355,Alyssa Booth,Male,56,North,Business,2022-11-15,Suspended,Youth
CUST087991,Brittany Willis PhD,Male,23,South,Basic,2022-06-09,Suspended,SME
CUST063833,Alexis Walker,Male,19,Littoral,Basic,2024-11-12,Active,Residential
CUST022445,Wesley Davis,Female,30,South,Business,2022-12-02,Suspended,Youth
CUST003899,Sandra Sanchez,Female,65,West,Unlimited,2024-08-10,Inactive,Corporate
CUST075309,Kevin Fernandez,Male,65,Central,Basic,2021-12-12,Active,Residential
CUST077477,Jennifer Sanchez,Female,62,West,Unlimited,2024-04-22,Active,SME
CUST047490,Jennifer Joseph,Male,69,South,Basic,2024-07-01,Inactive,Residential
CUST025865,Amy Ramirez,Female,42,Central,Unlimited,2022-09-26,Suspended,Youth
CUST004232,Stephanie Church,Female,59,North,Basic,2021-09-30,Suspended,Residential
CUST050173,Dr. Sandra Chen,Male,26,East,Business,2022-05-07,Active,Corporate
CUST061534,Emily Payne,Male,27,Central,Basic,2023-08-19,Inactive,Residential
CUST074055,April Watkins,Female,31,North,Business,2022-11-14,Inactive,SME
CUST026120,Erin Rose,Female,50,Littoral,Business,2022-08-05,Active,Residential
CUST029675,Patrick Watson,Male,68,North,Business,2023-02-10,Active,Residential
CUST011548,John Palmer,Male,26,East,Basic,2024-04-11,Inactive,Youth
CUST044081,Melissa Garcia,Male,52,South,Unlimited,2021-06-17,Active,SME
CUST055787,Karen Anderson,Male,70,West,Business,2024-05-01,Active,Corporate
CUST062933,Anthony Lopez,Female,57,North,Unlimited,2025-12-04,Inactive,SME
CUST074077,Kenneth Ellis,Male,31,South,Unlimited,2024-11-05,Active,Corporate
CUST072537,Paul Moreno,Female,48,Central,Business,2024-10-28,Active,Residential
CUST035168,Maria Walker,Female,46,South,Business,2026-01-29,Inactive,Youth
CUST060085,Matthew Anderson,Male,43,Central,Basic,2021-09-11,Suspended,SME
CUST045695,Troy Marks,Male,37,East,Business,2025-06-12,Active,Youth
CUST096675,Jared Castro,Female,32,East,Unlimited,2021-11-29,Active,Youth
CUST002021,Susan Brown,Female,68,Littoral,Premium,2024-10-09,Suspended,SME
CUST057395,John Robinson,Male,36,Littoral,Basic,2023-10-13,Active,Residential
CUST052681,Monique Harris,Female,21,North,Unlimited,2023-04-17,Inactive,Youth
CUST020868,Jessica Dixon,Female,66,South,Basic,2023-02-09,Inactive,Youth
CUST026951,Morgan Snow,Male,56,North,Unlimited,2024-12-25,Suspended,SME
CUST093495,Emily Rivera,Female,47,East,Business,2025-12-27,Suspended,Corporate
CUST075510,Anita Williamson,Male,66,South,Basic,2025-02-17,Suspended,Corporate
CUST021375,Edward Palmer,Female,32,Central,Business,2022-05-16,Suspended,SME
CUST078114,Victor Barr,Male,66,South,Business,2025-02-22,Active,Residential
CUST059788,Laurie Baxter,Male,30,West,Business,2025-11-06,Inactive,SME
CUST090370,Sara Martinez,Male,54,South,Premium,2023-09-20,Suspended,Youth
CUST067175,Brian Wilson,Female,59,West,Basic,2022-07-03,Active,Residential
CUST052164,Derek Harrison,Female,50,West,Business,2022-04-05,Suspended,SME
CUST006746,Eric Smith,Male,45,North,Basic,2021-07-03,Suspended,Corporate
CUST021719,Juan Anderson,Male,37,North,Unlimited,2021-12-24,Suspended,Youth
CUST051137,Anthony Mcdaniel,Female,46,Central,Basic,2023-10-26,Active,SME
CUST022491,Amber Richards,Male,42,South,Basic,2022-06-12,Inactive,Corporate
CUST079496,Danielle Jones,Male,52,Littoral,Basic,2024-04-09,Suspended,Youth
CUST060970,Julia Jones,Male,42,Littoral,Unlimited,2025-04-15,Suspended,Corporate
CUST083114,Autumn Williams,Male,33,Central,Unlimited,2021-11-01,Active,Youth
CUST044453,Kenneth Lee,Male,64,West,Basic,2025-06-02,Suspended,Residential
CUST090507,Mary Hopkins,Male,33,Central,Unlimited,2023-07-24,Inactive,Corporate
CUST026523,Amanda Martin,Male,67,North,Basic,2022-04-28,Active,Youth
CUST011145,Daniel Perkins,Male,20,South,Unlimited,2023-02-07,Suspended,Corporate
CUST019152,Anthony Moon,Female,46,East,Premium,2024-03-11,Suspended,Corporate
CUST044365,Mr. Gary Kerr,Female,55,West,Basic,2022-11-02,Inactive,Residential
CUST005364,Sarah Hines,Female,66,South,Basic,2026-01-14,Active,Youth
CUST040232,April Hines,Male,42,South,Premium,2025-11-24,Suspended,Corporate
CUST086801,Anthony Lamb,Female,45,North,Unlimited,2023-05-15,Active,Corporate
CUST096076,Jill Byrd,Male,60,North,Basic,2026-02-08,Inactive,SME
CUST014569,Leonard Adams,Female,47,East,Business,2025-02-10,Active,Residential
CUST082673,Lori Harmon,Female,25,West,Basic,2023-03-06,Suspended,SME
CUST054115,John Robinson,Female,23,South,Basic,2025-04-23,Inactive,Youth
CUST038620,David Ellis,Female,34,North,Basic,2023-03-11,Inactive,Corporate
CUST074198,Ernest Brown,Female,57,Central,Unlimited,2026-04-03,Inactive,Residential
CUST094346,Brandon Martinez,Male,59,Littoral,Premium,2024-03-15,Active,Youth
CUST088672,Erik Morrison,Male,21,Central,Premium,2021-06-19,Inactive,SME
CUST092239,Patricia Thompson,Female,58,Central,Basic,2023-09-24,Suspended,Residential
CUST001310,Jason Mosley,Male,33,South,Business,2022-03-29,Inactive,Youth
CUST093505,Micheal Medina,Male,19,West,Unlimited,2022-06-12,Suspended,Residential
CUST000340,Savannah Fields,Male,26,Central,Basic,2024-11-23,Suspended,Youth
CUST072553,Donald James,Male,61,East,Unlimited,2023-04-14,Active,SME
CUST063311,Mrs. Kimberly Johnson,Male,19,East,Unlimited,2023-03-14,Active,SME
CUST029262,Briana Garza,Female,66,Central,Business,2024-04-01,Active,Corporate
CUST051208,Ana Wolfe,Male,49,West,Business,2024-08-21,Inactive,Youth
CUST000053,Tiffany Mueller,Female,27,North,Unlimited,2025-03-04,Inactive,SME
CUST024905,Shelby Zimmerman,Male,23,North,Basic,2022-03-16,Inactive,Youth
CUST042703,Brandi Ryan,Female,43,West,Unlimited,2024-03-17,Active,Residential
CUST093113,Lori Clark,Female,30,Central,Premium,2023-12-05,Inactive,Corporate
CUST090720,Alan Heath,Male,19,North,Premium,2023-12-02,Inactive,SME
CUST070593,Matthew Burton,Male,70,Central,Basic,2025-07-07,Active,Corporate
CUST004719,James Martinez,Female,46,Littoral,Business,2024-12-04,Inactive,Corporate
CUST079351,Tyler Christian,Female,64,East,Business,2023-03-21,Inactive,Corporate
CUST068876,William Lopez,Female,51,West,Unlimited,2021-10-29,Active,Corporate
CUST047325,Daniel Lopez,Female,51,North,Business,2025-02-19,Active,Youth
CUST035894,Sara Davis,Female,25,Central,Unlimited,2023-01-09,Active,Corporate
CUST057405,Kaylee Hartman,Female,63,West,Basic,2023-06-11,Active,SME
CUST065563,Matthew Garcia,Male,57,Central,Business,2021-11-04,Active,Residential
CUST010287,Sandra Jones,Female,54,Littoral,Basic,2026-02-14,Suspended,Residential
CUST049314,John Tucker,Female,62,Central,Premium,2021-11-18,Suspended,SME
CUST014078,Alyssa Cooley,Male,56,North,Unlimited,2022-09-21,Active,Corporate
CUST046499,Jay Perez,Male,56,Central,Business,2023-04-07,Inactive,Youth
CUST015765,Douglas Lee,Female,60,South,Basic,2024-12-30,Suspended,Residential
CUST054862,Johnny Baker,Female,58,South,Premium,2023-08-11,Active,Youth
CUST025897,Preston Williamson,Male,56,East,Unlimited,2023-10-12,Active,Corporate
CUST049793,Joshua Lin,Female,30,West,Unlimited,2025-01-02,Suspended,Corporate
CUST071430,Micheal Hahn,Male,50,Littoral,Premium,2024-09-05,Active,SME
CUST069344,Kimberly Lynch,Female,60,Littoral,Premium,2024-04-18,Active,Residential
CUST065906,David Holloway,Male,49,Littoral,Premium,2024-05-02,Inactive,Corporate
CUST034377,Gregory Rodgers,Male,59,East,Basic,2025-10-04,Suspended,Youth
CUST033874,Steven Silva,Female,29,North,Unlimited,2023-10-28,Active,Youth
CUST069153,Jason Lewis,Female,27,North,Basic,2022-12-11,Inactive,Youth
CUST070214,Wayne Bryan,Male,48,Littoral,Premium,2024-11-19,Suspended,SME
CUST052603,Juan Blair,Male,58,North,Unlimited,2022-07-02,Active,SME
CUST054409,Robert Rodriguez,Female,32,Littoral,Business,2025-12-17,Active,Corporate
CUST059974,Shelby Day,Male,33,Central,Business,2024-03-10,Suspended,Youth
CUST030298,Scott Arias,Male,29,Central,Unlimited,2023-05-31,Suspended,Corporate
CUST033327,John Adams,Female,35,Central,Unlimited,2022-03-09,Inactive,Residential
CUST026064,Christian Woods,Female,56,North,Premium,2023-01-08,Inactive,Corporate
CUST050280,Amy Lee,Female,20,East,Basic,2022-08-27,Active,Corporate
CUST077831,Lucas Mclaughlin,Female,27,South,Premium,2024-01-04,Inactive,Youth
CUST032843,Katherine Johnson,Male,37,North,Unlimited,2021-10-13,Active,Residential
CUST062517,Nicholas Oconnell,Male,66,East,Basic,2021-07-14,Inactive,Corporate
CUST088046,Amy Schneider,Male,46,West,Premium,2025-09-28,Inactive,SME
CUST020719,Troy Walters,Female,67,Littoral,Business,2025-10-20,Suspended,Youth
CUST079331,Jacqueline Bernard,Male,61,South,Unlimited,2022-04-02,Active,Residential
CUST078019,Holly Crane,Female,60,Central,Unlimited,2024-12-29,Active,SME
CUST090754,Terrance Wilson,Male,68,Central,Premium,2022-12-30,Inactive,Corporate
CUST036328,Joseph Holmes,Male,21,West,Business,2021-08-16,Inactive,Residential
CUST059626,Thomas Benson,Male,67,West,Premium,2021-09-17,Active,Residential
CUST083378,Isaac Smith,Male,20,East,Business,2026-01-09,Inactive,Youth
CUST053378,Sarah Taylor,Female,32,East,Business,2025-01-06,Suspended,Youth
CUST062242,Matthew Hernandez,Female,62,North,Premium,2025-03-22,Suspended,Youth
CUST038437,Kurt Boyd,Female,49,West,Premium,2021-07-06,Inactive,Youth
CUST024904,Morgan Jenkins,Male,30,West,Basic,2022-05-09,Active,Youth
CUST057655,Jennifer Garner,Female,51,West,Business,2025-05-12,Active,Youth
CUST093959,Kristy Tran,Male,25,North,Business,2024-04-11,Suspended,SME
CUST060696,Charles Adams,Female,56,North,Unlimited,2021-12-28,Active,SME
CUST091657,Jesse Martinez,Male,57,North,Premium,2021-05-25,Suspended,Corporate
CUST010394,Christopher Ramos,Female,52,Littoral,Premium,2021-05-27,Active,Youth
CUST018698,Roy Orr,Female,46,South,Basic,2022-09-26,Suspended,Corporate
CUST026009,Henry Levine PhD,Female,67,South,Unlimited,2025-11-27,Inactive,Corporate
CUST086442,Tracy Bradley,Female,43,West,Basic,2024-11-12,Active,SME
CUST028806,Michael Martinez,Female,25,South,Premium,2024-11-19,Active,Youth
CUST069511,Tammy Allen,Male,64,Central,Business,2024-01-25,Active,Residential
CUST077234,Denise Hudson,Male,43,East,Basic,2026-04-28,Active,Corporate
CUST070349,Valerie Greer,Male,21,South,Basic,2022-01-30,Inactive,SME
CUST007038,William Gomez,Female,68,South,Premium,2025-02-05,Inactive,Residential
CUST058386,Rodney Kelly,Male,40,North,Business,2025-01-24,Active,SME
CUST012441,Taylor Jones,Male,44,Littoral,Business,2022-07-08,Inactive,SME
CUST085834,Joshua Stewart,Female,52,Central,Business,2023-06-05,Active,Youth
CUST058487,Christian Ewing,Male,61,South,Unlimited,2022-07-18,Inactive,Residential
CUST045351,Hannah Holmes,Female,69,North,Unlimited,2026-04-09,Inactive,SME
CUST086368,Amy Lewis,Female,23,Littoral,Business,2023-04-18,Active,Residential
CUST012931,Johnathan Scott,Female,61,West,Basic,2024-04-02,Suspended,Residential
CUST024502,Robin Simmons,Male,39,East,Basic,2021-08-07,Inactive,SME
CUST080808,Eddie Zhang,Male,65,Central,Business,2022-10-24,Inactive,SME
CUST061200,Christopher Stark,Female,46,Littoral,Unlimited,2023-04-10,Inactive,SME
CUST087102,Alexis Miller,Female,61,East,Basic,2023-05-12,Inactive,Youth
CUST069278,Daniel Peterson,Male,64,Littoral,Premium,2023-04-27,Inactive,Residential
CUST008823,Mindy Burnett,Male,53,North,Business,2025-02-20,Inactive,Corporate
CUST005132,Brandon Jones,Male,41,South,Premium,2022-09-01,Inactive,Youth
CUST051745,Danielle Barnes,Female,23,South,Premium,2021-09-26,Suspended,Corporate
CUST041306,Jacob Mcclure,Male,62,Central,Premium,2021-07-29,Suspended,Corporate
CUST022761,Natalie Dodson,Male,38,Littoral,Premium,2025-12-06,Inactive,Youth
CUST035449,Kathleen Moore,Male,29,West,Premium,2023-01-29,Inactive,Corporate
CUST043475,Laura Powell,Female,27,North,Business,2023-07-18,Inactive,Residential
CUST035259,Colleen Miller,Male,19,North,Unlimited,2022-05-11,Inactive,Corporate
CUST094538,Randall Gonzalez,Female,40,North,Unlimited,2023-06-22,Active,Corporate
CUST039719,Randall Thompson,Male,67,West,Unlimited,2026-05-06,Active,Corporate
CUST051731,Arthur Hernandez,Female,38,South,Business,2023-05-23,Inactive,Residential
CUST009060,Jenna Case,Male,61,East,Business,2024-09-09,Inactive,SME
CUST054441,Marissa Marshall,Female,46,North,Premium,2024-09-28,Active,Youth
CUST041773,Tammy Hammond,Female,45,East,Premium,2024-10-26,Inactive,Youth
CUST093629,Jeremy Hodges,Female,36,East,Premium,2023-11-28,Inactive,Youth
CUST025786,Leslie Dudley,Male,31,Central,Basic,2024-01-29,Inactive,Youth
CUST074409,Jermaine Stewart,Male,19,Littoral,Business,2024-08-07,Inactive,Youth
CUST035914,Benjamin Ayers,Male,64,East,Unlimited,2023-10-03,Inactive,Residential
CUST054791,William Choi,Female,32,East,Basic,2021-06-19,Active,Corporate
CUST083057,Gabrielle Winters,Male,60,Central,Premium,2022-11-05,Suspended,Corporate
CUST028632,Natalie Taylor,Male,24,South,Basic,2022-11-20,Suspended,SME
CUST063322,Kathy Allen,Female,67,West,Business,2024-03-21,Suspended,Corporate
CUST002110,Christopher Miller,Male,36,Central,Business,2022-05-22,Active,Residential
CUST077097,Lori Blackwell,Female,61,Littoral,Premium,2025-10-12,Suspended,Corporate
CUST061995,Michael Daugherty,Male,44,North,Premium,2023-01-28,Active,SME
CUST083789,Joshua Smith,Male,53,East,Basic,2023-07-05,Active,Youth
CUST024985,Faith Patterson,Female,63,North,Business,2025-09-12,Active,Residential
CUST011906,Isabella Tucker,Male,19,South,Premium,2022-12-08,Inactive,Residential
CUST042209,Benjamin Davis,Male,32,East,Business,2025-01-29,Inactive,Youth
CUST067735,Alicia Williams,Female,30,Littoral,Premium,2025-12-24,Inactive,SME
CUST030674,Vincent Jones,Male,34,North,Basic,2024-09-29,Inactive,Corporate
CUST012406,Kevin Murphy,Male,33,West,Premium,2022-05-31,Suspended,Youth
CUST080865,Shawn Jones,Male,28,North,Basic,2025-01-02,Inactive,SME
CUST099635,Erica Cochran,Male,54,Littoral,Basic,2022-01-19,Suspended,Residential
CUST088534,Gwendolyn Hubbard,Female,26,North,Premium,2023-09-18,Active,SME
CUST071235,Kendra Green,Female,60,South,Basic,2024-05-17,Active,SME
CUST019686,Cheryl Myers,Male,44,South,Basic,2024-06-06,Suspended,Corporate
CUST091285,Michelle Mullins,Male,52,South,Business,2026-01-05,Inactive,SME
CUST042583,Charles Medina,Female,57,East,Unlimited,2022-12-22,Suspended,Corporate
CUST076187,Margaret Clark,Male,27,West,Basic,2021-05-18,Inactive,Residential
CUST004051,Jessica Steele,Male,30,East,Unlimited,2024-03-01,Suspended,SME
CUST077853,Christina Rosario,Female,21,West,Unlimited,2025-01-30,Suspended,Corporate
CUST093095,Charlene Blake,Female,54,Littoral,Business,2022-06-17,Suspended,Corporate
CUST081920,Angela Holmes,Male,22,South,Business,2022-09-11,Inactive,Youth
CUST080028,Amy King,Male,45,Littoral,Business,2021-06-30,Suspended,SME
CUST089421,Angela Day,Male,30,Littoral,Business,2021-09-18,Inactive,Corporate
CUST084776,Rebecca Brown,Male,70,East,Premium,2025-10-25,Suspended,SME
CUST097267,Mr. Charles Scott DDS,Female,55,East,Unlimited,2026-02-02,Suspended,Corporate
CUST063801,Karina Aguirre,Female,54,North,Business,2025-03-02,Suspended,Corporate
CUST083223,James Aguilar,Male,36,South,Business,2022-02-18,Suspended,SME
CUST082193,Beth Martinez,Female,36,Central,Basic,2021-11-29,Inactive,Youth
CUST063050,Nancy Hernandez,Male,18,South,Premium,2025-03-13,Suspended,Youth
CUST051974,Michelle Arnold,Female,55,North,Business,2026-02-12,Inactive,SME
CUST098774,James Kirby,Female,65,West,Basic,2023-02-05,Active,Corporate
CUST001779,Austin Cervantes,Male,48,Central,Business,2025-01-10,Active,Residential
CUST023104,Dawn Johnson,Male,29,North,Basic,2022-05-19,Active,SME
CUST080593,Drew Howard,Female,26,East,Basic,2022-01-24,Suspended,Corporate
CUST080008,Joan Collins,Female,23,West,Unlimited,2022-09-30,Active,Corporate
CUST020250,Jessica Jones,Female,66,Central,Premium,2022-05-30,Suspended,Youth
CUST091786,Jamie Galloway,Female,23,West,Business,2025-01-14,Inactive,Youth
CUST065276,Annette Mejia,Female,70,North,Premium,2023-03-03,Active,SME
CUST037318,Philip Smith,Female,67,Littoral,Basic,2022-09-07,Inactive,Corporate
CUST042118,Philip Frazier,Female,42,South,Basic,2022-11-21,Inactive,Youth
CUST042186,Devin Nguyen,Female,57,West,Premium,2025-11-27,Suspended,SME
CUST041143,Ricky Jackson,Female,19,East,Business,2022-01-29,Suspended,Youth
CUST067721,Suzanne Stanley,Female,53,Littoral,Business,2025-04-08,Suspended,Corporate
CUST002008,Danny Gomez,Male,55,Littoral,Premium,2024-11-29,Active,Corporate
CUST071095,Kristina Guerrero,Female,70,East,Premium,2025-06-25,Active,Corporate
CUST057390,Kathy Vance,Male,24,West,Basic,2026-04-04,Active,Youth
CUST025059,Brian Herring,Female,22,Central,Basic,2022-05-24,Suspended,Youth
CUST061514,John Lee,Female,62,North,Unlimited,2022-11-23,Suspended,Corporate
CUST066670,Jessica Bruce,Female,51,West,Unlimited,2025-06-23,Inactive,Youth
CUST058746,William Dickerson,Female,43,Littoral,Unlimited,2023-05-16,Suspended,Corporate
CUST005460,Cynthia Mccoy,Female,30,South,Basic,2023-03-27,Active,Residential
CUST077140,Jorge Martin,Male,45,Central,Premium,2026-02-15,Active,Corporate
CUST039119,Dawn Gordon,Male,63,Littoral,Premium,2024-05-07,Active,Corporate
CUST018971,Tony Ramsey,Female,57,Littoral,Basic,2025-09-03,Suspended,SME
CUST078618,Sonya Alexander,Male,20,West,Basic,2025-11-07,Active,Youth
CUST096326,Isabel Nichols,Male,62,Central,Unlimited,2023-04-04,Suspended,SME
CUST062819,Jacob Graham,Female,25,South,Premium,2023-08-23,Suspended,Residential
CUST082279,Ivan Day,Male,27,East,Business,2021-09-26,Active,SME
CUST009639,Anthony Baker,Female,62,East,Business,2025-02-19,Active,Residential
CUST012307,David Gonzalez MD,Female,48,Littoral,Business,2021-08-20,Active,Corporate
CUST085830,Lori Rowland,Male,64,West,Premium,2022-10-16,Active,SME
CUST084763,Alexandra Sullivan,Male,40,Littoral,Unlimited,2021-05-28,Inactive,Youth
CUST058539,Francisco James,Female,28,East,Premium,2025-10-24,Active,Corporate
CUST044633,Jason Phillips,Female,20,Central,Basic,2023-04-30,Inactive,SME
CUST070176,John Kaiser,Male,66,South,Premium,2023-03-15,Suspended,Youth
CUST076951,Megan Rojas,Male,45,Central,Premium,2022-02-13,Active,SME
CUST063035,Jose Wyatt,Male,64,North,Premium,2022-09-08,Active,Corporate
CUST057541,Abigail Preston,Female,40,East,Premium,2024-08-01,Suspended,Residential
CUST041815,Melissa Ramirez,Female,28,Littoral,Premium,2021-08-11,Suspended,Youth
CUST066955,John Ford,Female,38,South,Basic,2024-05-05,Inactive,Youth
CUST015027,Luke Ware,Male,49,Central,Unlimited,2025-06-29,Suspended,Residential
CUST024240,Latoya Phillips,Female,54,North,Unlimited,2024-11-16,Suspended,SME
CUST054918,Jennifer Robinson,Male,64,Littoral,Basic,2023-01-22,Active,Corporate
CUST035404,Christopher Soto,Male,44,East,Premium,2026-04-24,Inactive,SME
CUST060498,Rebecca Payne,Male,33,West,Basic,2022-06-24,Inactive,SME
CUST010819,Kimberly Morton,Female,51,Littoral,Premium,2023-12-03,Inactive,Corporate
CUST093477,Erica Cooley,Female,70,North,Basic,2023-09-10,Inactive,SME
CUST060440,Michael Parker,Male,42,North,Unlimited,2022-06-09,Suspended,SME
CUST054827,Spencer Hampton,Female,43,Littoral,Basic,2024-03-30,Inactive,Corporate
CUST026255,Jason Dean,Female,40,Central,Basic,2024-03-24,Active,Residential
CUST072236,Theresa Cross,Male,62,South,Business,2025-04-27,Suspended,Residential
CUST040402,Luis Gonzalez,Female,65,North,Basic,2024-04-05,Active,Youth
CUST099342,Jill Warren,Male,23,Central,Business,2024-08-17,Inactive,SME
CUST024689,Cynthia Daniels,Female,39,Central,Unlimited,2025-10-29,Inactive,SME
CUST024965,William Humphrey,Male,61,Littoral,Business,2022-08-13,Suspended,Youth
CUST026543,Tammy Tran,Female,20,West,Unlimited,2024-03-21,Inactive,Residential
CUST007278,Alan Allen,Female,27,West,Basic,2024-06-11,Inactive,SME
CUST063782,Tiffany Harris,Female,38,South,Basic,2022-03-09,Inactive,Residential
CUST076322,Christopher Marshall,Female,40,Central,Basic,2025-10-31,Suspended,Youth
CUST041686,Ms. Meghan Howard DVM,Male,47,South,Basic,2023-08-27,Inactive,SME
CUST015968,William Lindsey,Female,57,East,Premium,2025-06-04,Inactive,Youth
CUST081310,David Jones,Female,34,Littoral,Unlimited,2021-11-03,Inactive,Residential
CUST060627,Vickie Rodriguez,Male,28,Central,Basic,2026-02-05,Active,Residential
CUST079851,Kimberly Nguyen,Male,66,East,Unlimited,2024-01-16,Inactive,Youth
CUST075693,Stacy Gonzalez,Male,68,South,Business,2023-07-06,Inactive,Residential
CUST021676,Alexander Clark,Female,32,North,Basic,2021-08-25,Active,SME
CUST062324,Rachel Collins,Male,68,West,Basic,2024-01-11,Inactive,Youth
CUST054404,Sandra Brown,Female,36,East,Business,2021-12-04,Inactive,SME
CUST000029,Shannon Barrett,Male,36,East,Unlimited,2023-05-23,Suspended,SME
CUST071682,Anna Sanders,Male,69,Central,Premium,2022-10-20,Suspended,Corporate
CUST072467,Jasmine Davis,Male,27,North,Unlimited,2022-09-08,Active,Corporate
CUST000739,Elijah Thompson,Male,64,West,Business,2023-05-25,Active,SME
CUST036658,James Taylor,Female,65,Littoral,Unlimited,2024-11-27,Active,SME
CUST053002,Tom Logan,Male,53,Littoral,Business,2024-09-20,Inactive,Youth
CUST085268,Jennifer Contreras,Male,56,North,Unlimited,2025-10-29,Active,SME
CUST081991,Bryan Smith,Male,55,West,Basic,2023-06-07,Suspended,Residential
CUST092019,Melissa Garza,Female,66,Littoral,Basic,2024-10-21,Inactive,Youth
CUST053069,Nicholas Wells,Male,57,West,Business,2023-05-18,Active,Residential
CUST077440,Christine Singh,Male,53,North,Unlimited,2024-06-18,Active,Corporate
CUST036556,Daniel Carr,Male,27,East,Basic,2024-04-29,Inactive,Youth
CUST060685,Mercedes Miller,Female,40,North,Unlimited,2024-05-21,Inactive,Corporate
CUST095997,Tyler Rios,Male,40,Littoral,Business,2026-02-03,Active,Youth
CUST018354,David Armstrong,Male,49,North,Business,2022-03-20,Inactive,SME
CUST090144,Shannon Reyes,Male,34,North,Unlimited,2021-09-25,Inactive,Corporate
CUST021872,Allison Gomez,Female,21,Central,Premium,2022-09-08,Inactive,SME
CUST049331,Francis Tyler,Female,53,North,Premium,2025-07-23,Inactive,Residential
CUST036835,Erika Carson,Female,63,West,Unlimited,2023-10-24,Active,Residential
CUST033145,Lori Kelly,Female,39,Littoral,Business,2023-08-23,Active,Youth
CUST041936,Allen Jones,Male,52,North,Unlimited,2024-07-02,Active,Corporate
CUST088986,Austin Duncan,Female,27,South,Premium,2022-05-11,Inactive,Residential
CUST030804,Alyssa White,Female,40,South,Basic,2022-05-04,Active,SME
CUST029539,Jennifer Mcdowell,Female,68,West,Basic,2025-06-05,Active,SME
CUST090617,Mark Brooks,Male,47,South,Unlimited,2024-06-02,Active,Residential
CUST001475,Jamie Lee,Male,39,Central,Business,2023-04-19,Active,Youth
CUST064971,Stephen Wright,Male,24,West,Basic,2022-09-23,Active,SME
CUST041202,Emily Lewis,Male,69,Central,Business,2024-08-03,Suspended,Corporate
CUST047681,Kelly Pratt,Female,33,Littoral,Unlimited,2023-12-20,Active,Residential
CUST042886,Carl Shah,Female,40,North,Unlimited,2024-03-29,Active,Corporate
CUST016127,Jordan Rivas,Female,50,East,Premium,2022-06-16,Active,SME
CUST034031,Molly Hunt,Male,60,North,Premium,2021-07-10,Suspended,SME
CUST062879,Rachel Fernandez,Female,27,East,Unlimited,2024-11-23,Inactive,SME
CUST030353,Cheryl Stevens,Female,50,North,Premium,2023-01-06,Inactive,Residential
CUST044640,Jeffrey Terry,Female,68,South,Business,2024-12-01,Suspended,Residential
CUST003404,Edward Roberts,Female,70,North,Basic,2023-05-17,Suspended,Youth
CUST004779,Michael Harmon,Male,66,Central,Basic,2023-12-28,Active,Residential
CUST070083,Joshua Brown,Female,54,Central,Premium,2024-08-18,Suspended,Residential
CUST080317,Dr. Jason Cummings,Female,27,North,Business,2022-11-25,Active,SME
CUST067650,Tammy Fisher,Female,31,West,Basic,2024-08-05,Active,Corporate
CUST046496,Bobby Mitchell,Male,60,North,Business,2022-02-26,Active,Residential
CUST067657,William Harper,Male,43,South,Basic,2021-05-18,Active,Residential
CUST083270,Michelle Waters,Male,62,Central,Basic,2026-03-14,Suspended,Youth
CUST034264,John Knapp,Female,59,East,Unlimited,2025-07-05,Suspended,Corporate
CUST077457,Jimmy Morgan,Female,31,East,Basic,2023-09-13,Inactive,Residential
CUST016446,Kyle Cooper,Female,28,East,Premium,2023-05-09,Inactive,Residential
CUST011546,Edward Le,Female,53,West,Unlimited,2021-12-28,Active,SME
CUST022143,Cynthia Riley DVM,Female,57,North,Basic,2024-02-14,Active,SME
CUST056890,Melissa Sanchez,Female,24,Littoral,Unlimited,2026-03-02,Inactive,Corporate
CUST023075,Dr. Kristin Mejia DDS,Female,70,Littoral,Basic,2025-07-20,Active,Youth
CUST037828,Jillian Gray,Female,37,Central,Basic,2024-04-25,Inactive,Residential
CUST042777,Robert Jensen,Male,26,East,Unlimited,2021-09-20,Inactive,Youth
CUST042822,Stephanie Smith,Male,30,West,Unlimited,2024-08-24,Inactive,Corporate
CUST023522,Anthony Brown,Female,37,Central,Basic,2023-12-12,Inactive,SME
CUST073196,James Garcia,Female,43,West,Basic,2022-04-11,Inactive,Corporate
CUST025125,Corey Simpson,Male,25,South,Unlimited,2025-03-10,Inactive,Corporate
CUST012329,Rebecca Cunningham,Female,25,East,Unlimited,2023-10-07,Inactive,Corporate
CUST093778,Tracey Davis,Female,48,Littoral,Business,2022-06-08,Suspended,Youth
CUST050887,Dana Hancock,Male,67,West,Basic,2024-12-11,Suspended,Youth
CUST085064,Cynthia Barnett,Male,62,East,Basic,2022-08-06,Active,SME
CUST016735,Ashley Young,Male,57,East,Premium,2023-01-25,Active,Corporate
CUST084547,Brandi Murillo,Female,22,Central,Unlimited,2024-09-29,Active,Corporate
CUST006035,Samuel Burnett,Female,45,Central,Unlimited,2023-06-10,Active,Youth
CUST040260,Jennifer Garcia,Female,58,North,Unlimited,2024-08-29,Suspended,SME
CUST073195,Tony Hill,Male,30,Central,Unlimited,2023-12-21,Inactive,Residential
CUST017481,Renee Brown,Male,51,East,Unlimited,2025-06-16,Active,Residential
CUST024778,Martin Hurst,Male,31,Littoral,Premium,2023-12-17,Inactive,SME
CUST049173,Colleen Smith,Female,42,West,Premium,2023-05-16,Suspended,SME
CUST071141,Ariana Martinez,Female,33,Central,Unlimited,2023-11-08,Inactive,SME
CUST086618,Robin Martinez,Female,30,South,Unlimited,2025-01-13,Suspended,Youth
CUST040285,Rachel Thomas,Female,59,East,Business,2025-09-06,Suspended,Residential
CUST031337,Jordan Taylor,Female,33,North,Basic,2024-03-14,Active,SME
CUST066365,Adrienne Montgomery,Male,67,North,Premium,2023-12-19,Active,Corporate
CUST044197,Eduardo Farmer,Male,48,South,Premium,2022-12-31,Suspended,SME
CUST056261,Shelby Hester,Female,38,East,Unlimited,2024-07-10,Active,SME
CUST056687,Darryl Scott,Female,63,Central,Basic,2025-02-01,Inactive,Residential
CUST094068,Jennifer Phillips,Female,18,South,Basic,2024-01-17,Active,Residential
CUST094334,Katrina Bernard,Female,50,West,Unlimited,2023-08-29,Active,Corporate
CUST044638,Jeffrey Jacobson,Female,29,North,Basic,2022-06-21,Inactive,Residential
CUST013204,Joe Stewart,Male,20,West,Premium,2022-12-09,Active,Residential
CUST099125,Cassandra Torres,Male,46,North,Premium,2022-03-15,Inactive,Residential
CUST068008,Lisa Burnett,Female,47,East,Premium,2021-07-10,Active,Corporate
CUST085318,Kirk Jones,Female,53,East,Premium,2025-08-22,Inactive,Corporate
CUST044947,Jay Tucker,Female,66,Central,Basic,2025-07-05,Active,Corporate
CUST059579,Mary Rodriguez,Female,70,East,Basic,2023-05-11,Suspended,Corporate
CUST018261,David Gutierrez,Female,43,East,Basic,2021-07-28,Suspended,Corporate
CUST025946,Amber Gamble,Female,67,South,Unlimited,2021-09-22,Active,Youth
CUST056836,Randall Burton,Male,40,South,Business,2025-08-03,Inactive,Corporate
CUST011073,Shannon Sanchez,Female,46,Central,Business,2024-10-20,Inactive,SME
CUST014449,Ashley Cox,Female,21,South,Business,2022-12-24,Active,Residential
CUST032046,John Fernandez,Female,70,South,Unlimited,2021-11-20,Inactive,Residential
CUST008903,William Beck,Male,37,North,Business,2025-02-26,Suspended,SME
CUST038225,Jasmine Blevins,Female,50,North,Premium,2026-04-09,Suspended,Youth
CUST070763,Charles Ramirez,Male,51,West,Basic,2022-05-21,Suspended,SME
CUST091138,James Martin,Male,30,North,Premium,2021-07-13,Active,SME
CUST035146,Peter Gallegos,Female,27,Central,Unlimited,2022-12-17,Active,SME
CUST024145,Andrew Henry,Female,58,North,Unlimited,2025-03-11,Active,Residential
CUST071747,Kaitlin Horn,Male,69,Central,Basic,2024-12-02,Inactive,Residential
CUST004007,Jared Nelson,Female,47,Littoral,Premium,2025-05-05,Suspended,Corporate
CUST010038,Guy Caldwell,Female,27,South,Basic,2023-07-27,Active,SME
CUST055221,Arthur Holmes,Female,32,Central,Business,2023-04-03,Suspended,SME
CUST045700,Mr. John Morgan,Male,41,West,Basic,2023-08-25,Active,Residential
CUST023499,Madeline Cox,Male,21,South,Premium,2026-03-19,Active,Corporate
CUST047832,Sandra Smith,Female,40,West,Basic,2022-05-16,Inactive,Youth
CUST005394,Amanda Patterson,Male,62,North,Unlimited,2025-03-03,Inactive,Youth
CUST028548,Joshua Austin,Female,58,Central,Basic,2025-01-12,Suspended,Residential
CUST009804,Jonathan Atkinson,Male,58,West,Premium,2023-01-09,Suspended,Residential
CUST069668,Jennifer Diaz,Female,49,Littoral,Premium,2025-07-19,Inactive,Youth
CUST005452,Dr. Sara Johnson,Male,44,East,Unlimited,2024-01-28,Suspended,Corporate
CUST087293,Jimmy Davis,Male,34,East,Business,2022-07-31,Inactive,Corporate
CUST073531,Justin Burch,Female,29,North,Business,2021-12-26,Suspended,Corporate
CUST043675,Darren Hensley,Female,32,Central,Unlimited,2022-08-05,Active,Youth
CUST065699,Francis Singh,Female,27,Central,Unlimited,2025-07-20,Active,SME
CUST048766,Jason Flores,Male,22,South,Premium,2024-03-21,Inactive,Youth
CUST005972,Cody James,Female,28,East,Business,2022-10-23,Active,Residential
CUST051922,Joshua Stone,Male,23,East,Unlimited,2025-01-07,Inactive,SME
CUST076549,Michael Heath,Male,40,North,Premium,2025-08-11,Active,Corporate
CUST037044,Courtney Glenn,Female,20,West,Unlimited,2024-12-03,Inactive,Youth
CUST061166,Krista Brown,Female,21,East,Business,2021-07-10,Suspended,Residential
CUST025523,Benjamin Melendez,Male,40,East,Business,2022-06-19,Active,SME
CUST027956,Manuel Riggs,Female,61,East,Business,2025-09-30,Active,Youth
CUST015220,Patricia Boone,Female,57,East,Unlimited,2022-03-09,Inactive,Youth
CUST093194,Dustin Coleman,Female,44,West,Unlimited,2023-05-23,Active,SME
CUST055977,James Wall,Male,23,East,Unlimited,2026-03-27,Suspended,Youth
CUST042452,Deborah Flowers,Male,64,North,Basic,2024-05-18,Active,Residential
CUST005031,Julie Stevenson,Female,70,Central,Business,2025-05-10,Active,SME
CUST049375,Joshua Clark,Male,26,North,Premium,2022-10-12,Inactive,Residential
CUST005089,Vicki Wilson,Male,70,North,Business,2021-09-11,Inactive,Corporate
CUST074179,Stephanie Smith,Female,42,Central,Unlimited,2025-02-05,Active,SME
CUST063536,Nicole Martinez,Male,53,South,Unlimited,2025-03-23,Inactive,Youth
CUST087733,Christopher Kelley,Male,64,North,Premium,2025-06-08,Inactive,Youth
CUST016223,Nancy Page,Female,26,East,Unlimited,2023-01-25,Active,Residential
CUST007152,Jessica Johnston,Male,61,Littoral,Business,2021-10-29,Suspended,Youth
CUST099384,Toni Camacho,Male,25,East,Unlimited,2026-01-24,Inactive,SME
CUST033533,Jordan Drake,Male,30,South,Premium,2026-04-05,Inactive,Youth
CUST099263,Krystal Richards,Female,41,West,Business,2022-09-25,Suspended,Residential
CUST083385,Sarah Meyer,Male,68,Central,Premium,2022-12-16,Inactive,Youth
CUST080908,Jason Robinson,Male,43,South,Premium,2022-04-01,Active,SME
CUST069750,Thomas Atkins,Male,42,East,Unlimited,2024-02-19,Active,Residential
CUST093538,Michael Taylor,Male,46,South,Premium,2022-07-13,Suspended,Corporate
CUST077805,Jennifer Fowler,Male,56,East,Unlimited,2026-04-26,Active,SME
CUST041326,Donna Adams,Male,64,Central,Basic,2023-07-28,Suspended,Residential
CUST026534,Christopher Gallagher,Male,47,Littoral,Premium,2024-11-24,Active,SME
CUST015368,Angela Nguyen,Female,39,Central,Premium,2022-08-03,Suspended,Corporate
CUST036361,Suzanne Simmons,Male,42,East,Unlimited,2021-12-28,Inactive,Youth
CUST029484,Tracey Lopez,Male,37,East,Business,2023-06-23,Suspended,SME
CUST041862,Jessica Smith,Male,42,Central,Unlimited,2025-07-13,Active,Youth
CUST004091,Carrie Osborn,Male,19,East,Unlimited,2025-10-08,Inactive,Residential
CUST059346,Michael Mendoza,Female,60,South,Unlimited,2024-09-27,Suspended,Youth
CUST057217,Tara Mcdonald,Male,36,North,Basic,2026-01-29,Inactive,Residential
CUST035548,Erin Gordon,Female,60,Central,Basic,2023-08-15,Active,Youth
CUST075427,Lori Montes,Female,54,Central,Business,2025-03-03,Inactive,Corporate
CUST032519,Sabrina Mitchell,Female,27,West,Unlimited,2024-07-08,Suspended,Residential
CUST096174,Jennifer Jones,Male,61,Littoral,Unlimited,2023-08-26,Active,Corporate
CUST019295,Sara Pruitt,Male,66,South,Unlimited,2024-04-19,Suspended,Youth
CUST087864,Christopher Le,Female,70,East,Basic,2025-03-21,Suspended,SME
CUST039557,Jesus Fleming,Female,52,Central,Unlimited,2022-04-27,Suspended,Youth
CUST076223,Teresa Gutierrez,Male,35,Littoral,Unlimited,2023-08-07,Suspended,Residential
CUST091800,Robert Watson,Female,36,Littoral,Premium,2023-06-23,Inactive,Corporate
CUST033240,Brianna Smith,Female,39,West,Unlimited,2026-05-05,Active,Residential
CUST001290,Michelle Walker,Male,53,South,Business,2022-02-08,Active,SME
CUST073926,Robert Travis,Female,67,Central,Business,2021-10-14,Inactive,SME
CUST009980,Jennifer Phillips,Male,30,Littoral,Business,2024-10-01,Suspended,Residential
CUST072525,Sydney Reese,Female,49,Central,Premium,2024-07-13,Active,Youth
CUST001859,Brian Diaz,Female,36,East,Basic,2025-01-08,Active,Youth
CUST028126,Nicholas Romero,Female,19,East,Unlimited,2023-08-31,Active,Corporate
CUST092660,Terry Sweeney,Female,41,Central,Basic,2025-12-24,Active,Youth
CUST093565,Joseph Lopez,Female,24,Littoral,Business,2022-12-15,Active,Corporate
CUST067286,Kathy Johnson,Female,57,Central,Basic,2025-09-17,Active,Youth
CUST013264,Yolanda Martin,Male,48,Littoral,Premium,2024-07-13,Inactive,Residential
CUST054097,Tony Miller,Male,55,East,Basic,2025-09-02,Inactive,Residential
CUST029945,Jason Sullivan DVM,Female,24,South,Basic,2022-07-19,Active,Corporate
CUST070957,Melissa Cox,Female,59,North,Premium,2024-07-16,Suspended,Residential
CUST047091,Aaron Sanchez,Male,55,North,Unlimited,2023-07-31,Active,Corporate
CUST067045,Joseph Delgado,Female,29,East,Basic,2023-03-11,Active,SME
CUST038280,Lisa Larsen,Male,70,West,Business,2022-11-01,Inactive,Residential
CUST081681,Angela Wagner,Male,20,West,Premium,2023-09-14,Active,Residential
CUST029692,Sharon Hobbs,Female,27,South,Premium,2023-07-26,Suspended,SME
CUST059138,Andre Contreras,Male,50,West,Business,2022-10-28,Active,Residential
CUST061246,Amanda Elliott,Female,32,West,Premium,2025-03-17,Suspended,Residential
CUST081066,Paul Hardin,Male,41,West,Basic,2021-09-21,Active,Youth
CUST055271,Heidi Evans,Male,26,North,Business,2025-02-01,Suspended,SME
CUST084142,Laura Richardson,Male,57,East,Business,2024-10-06,Inactive,Corporate
CUST077451,Michael Beck,Male,60,West,Business,2025-10-27,Inactive,Youth
CUST094011,Bradley Johnson,Male,25,Littoral,Unlimited,2023-08-26,Suspended,Residential
CUST082865,Tony Lin,Female,44,North,Premium,2024-07-01,Active,Corporate
CUST018265,Kimberly Gross,Male,25,West,Unlimited,2023-03-04,Active,SME
CUST008086,John Brown,Female,25,North,Premium,2025-06-19,Inactive,SME
CUST048219,Miss Jennifer Richards,Female,40,East,Premium,2023-10-30,Active,SME
CUST054637,Isaiah Garcia,Female,41,East,Business,2025-12-27,Active,Residential
CUST072976,Tracey Rush,Male,65,East,Business,2021-10-30,Suspended,SME
CUST061393,Christine Garza,Male,41,East,Business,2023-01-25,Inactive,Youth
CUST076286,Bryan Sweeney,Female,53,Littoral,Basic,2025-09-09,Suspended,SME
CUST091595,Jacob Rogers,Male,29,West,Unlimited,2024-02-15,Active,Residential
CUST024894,Anna White,Male,63,West,Business,2024-10-04,Inactive,Youth
CUST079995,Tammy Rasmussen,Male,23,Central,Premium,2025-03-28,Suspended,Youth
CUST014194,Michael Johnson,Female,54,Littoral,Basic,2025-10-13,Inactive,Youth
CUST033035,Laurie Bennett,Male,40,Central,Business,2022-09-26,Inactive,Corporate
CUST025776,Jason Rivera,Female,69,Central,Basic,2021-08-29,Inactive,SME
CUST029368,Stephanie Wong,Male,19,Littoral,Premium,2021-10-27,Suspended,Youth
CUST054748,Austin Schmidt,Female,26,North,Business,2023-11-07,Suspended,Corporate
CUST032542,Justin Stone,Female,65,South,Basic,2023-08-26,Suspended,Corporate
CUST006826,April Anderson,Male,68,East,Unlimited,2021-05-11,Active,SME
CUST038452,Kimberly Dunn,Female,20,Central,Business,2022-10-25,Suspended,Residential
CUST074552,Joseph Moore II,Female,43,South,Basic,2023-08-06,Suspended,Residential
CUST032207,Martin Peterson,Female,63,West,Business,2023-01-02,Suspended,Corporate
CUST070576,Donna Campos,Male,25,South,Basic,2025-04-18,Active,Corporate
CUST045060,Charlotte Phelps,Female,22,Littoral,Basic,2024-11-13,Inactive,Corporate
CUST075929,John Hernandez,Male,57,West,Premium,2025-04-10,Inactive,Residential
CUST027346,Lauren Gray,Female,30,Littoral,Premium,2025-05-27,Suspended,SME
CUST022702,Robert Ellis,Male,44,Central,Unlimited,2023-11-10,Suspended,SME
CUST043225,Janice Walker,Female,37,Littoral,Unlimited,2022-11-21,Inactive,Residential
CUST070954,Tracey Schneider,Male,49,East,Basic,2025-02-07,Inactive,Corporate
CUST028320,Suzanne Walsh,Female,51,Littoral,Unlimited,2023-10-20,Active,Corporate
CUST048532,Angela Lopez,Male,42,North,Basic,2025-09-04,Inactive,SME
CUST015357,Fred Walsh,Female,29,North,Premium,2024-08-30,Suspended,Corporate
CUST026994,Dr. James Mcintosh,Male,42,Central,Business,2024-03-02,Active,Youth
CUST087889,Jennifer Baldwin,Female,49,North,Premium,2021-10-05,Active,SME
CUST042258,Amber Carroll,Female,57,South,Premium,2022-03-02,Suspended,Residential
CUST075800,Brittney Callahan,Female,38,South,Unlimited,2026-03-28,Suspended,SME
CUST067574,Danielle Bullock,Male,24,Central,Unlimited,2022-07-25,Active,Youth
CUST003526,Karen Pitts,Female,45,East,Unlimited,2024-11-29,Active,Residential
CUST079612,Jeremiah Fernandez,Female,42,Central,Business,2021-06-27,Inactive,Youth
CUST094584,Lindsay Baker,Male,60,West,Unlimited,2023-10-23,Inactive,Residential
CUST073666,Ronald Tran,Male,63,Littoral,Premium,2024-11-15,Suspended,SME
CUST038810,Anthony Larsen,Male,43,North,Basic,2024-02-11,Inactive,SME
CUST054569,Todd Little,Male,41,North,Business,2023-10-16,Active,SME
CUST038154,Joanne Coleman,Male,63,East,Basic,2025-08-12,Active,SME
CUST097766,Nicole Poole,Female,69,West,Basic,2021-06-13,Suspended,Youth
CUST090324,Hannah Figueroa,Female,40,South,Basic,2022-08-24,Inactive,Residential
CUST042489,Krystal Duke,Female,65,Central,Unlimited,2022-09-14,Suspended,Residential
CUST005795,Andre George,Female,53,East,Basic,2021-05-13,Active,Residential
CUST081671,Ashley Shannon,Female,29,West,Business,2025-03-04,Inactive,SME
CUST098451,Rebecca Holt,Male,58,West,Business,2026-02-26,Active,Youth
CUST007641,Mr. Jordan Jordan,Female,41,South,Premium,2025-05-12,Active,Youth
CUST021416,Danielle Anderson,Male,58,North,Premium,2021-10-25,Suspended,Corporate
CUST008386,Tara Franklin,Female,34,East,Basic,2022-04-23,Inactive,SME
CUST062037,Krista Lindsey,Male,39,Littoral,Business,2022-11-30,Active,Residential
CUST044783,Jonathan Nichols,Female,54,North,Unlimited,2021-10-20,Active,Corporate
CUST048137,Kenneth Lambert,Female,41,Central,Unlimited,2023-06-06,Inactive,Youth
CUST019339,Blake Flores,Male,34,Littoral,Basic,2022-08-20,Suspended,Residential
CUST061346,Susan Friedman,Male,66,East,Basic,2024-05-10,Active,Youth
CUST066625,Eric Black,Male,41,West,Unlimited,2026-05-08,Inactive,Youth
CUST088915,Lisa Martin,Male,55,West,Premium,2021-06-15,Inactive,Youth
CUST056859,Crystal Jones MD,Female,25,West,Basic,2024-05-26,Suspended,Residential
CUST099195,Robert Stevens,Male,47,East,Unlimited,2025-05-24,Inactive,Youth
CUST058642,Jason Ruiz,Male,55,West,Basic,2025-01-26,Suspended,Residential
CUST051133,Kaitlyn Burns,Male,25,South,Premium,2025-04-17,Active,SME
CUST015713,Marie Gates,Male,63,Littoral,Business,2024-11-22,Suspended,Youth
CUST066613,Todd Willis,Female,48,East,Basic,2023-06-16,Active,Youth
CUST005326,Michelle Miller,Male,45,North,Basic,2021-09-04,Active,Youth
CUST046196,Seth Bates,Female,40,West,Basic,2023-04-27,Active,Corporate
CUST094420,Yolanda Moore,Male,19,West,Business,2023-05-07,Active,SME
CUST049574,Julie Mckay,Female,48,East,Business,2024-02-26,Inactive,SME
CUST059775,Lindsey Smith,Female,37,South,Premium,2025-02-22,Suspended,SME
CUST063237,Alexander Smith,Male,30,North,Premium,2021-06-04,Suspended,Youth
CUST056647,Regina Perez,Male,60,North,Premium,2026-03-16,Active,Youth
CUST035454,Frederick Shepard,Female,36,Central,Unlimited,2022-08-22,Active,SME
CUST068786,Brandy Moreno,Male,19,East,Unlimited,2023-09-19,Suspended,Corporate
CUST015580,April Carey,Male,51,North,Basic,2025-09-11,Active,Youth
CUST069921,Cynthia Schmidt,Male,30,West,Business,2025-04-15,Active,Corporate
CUST046459,Richard Vincent DDS,Male,47,West,Unlimited,2021-10-11,Active,SME
CUST004315,Billy Larson,Female,69,West,Unlimited,2023-07-14,Suspended,Youth
CUST036673,Mason Hernandez,Female,47,West,Unlimited,2024-09-13,Suspended,Corporate
CUST040428,Karen Nicholson,Female,55,Central,Business,2024-11-23,Inactive,Youth
CUST063102,Carla Carter,Female,60,North,Basic,2024-08-14,Suspended,Corporate
CUST031630,Melissa Fox,Female,24,Central,Business,2022-09-04,Suspended,SME
CUST024516,Isaac Lopez,Female,24,North,Basic,2025-10-28,Inactive,Youth
CUST075778,Amy Hernandez,Female,38,East,Basic,2021-12-06,Suspended,Residential
CUST007618,Daniel Anderson,Female,55,North,Premium,2024-08-28,Inactive,Youth
CUST073748,Haley Powell,Female,55,Central,Premium,2025-08-04,Inactive,Corporate
CUST071831,Russell Vargas,Male,36,Central,Business,2022-11-05,Inactive,Corporate
CUST056988,John Williams,Male,39,South,Basic,2022-12-04,Suspended,Residential
CUST046502,Patricia Wallace,Female,48,West,Premium,2024-01-22,Suspended,Residential
CUST020866,Walter Nichols,Female,26,South,Unlimited,2024-04-21,Suspended,Corporate
CUST019415,Kathy Robertson,Female,68,East,Premium,2023-10-09,Inactive,SME
CUST064926,Michael Poole,Female,33,East,Premium,2024-02-12,Inactive,Corporate
CUST002302,Brian Walker,Male,53,North,Basic,2022-07-13,Active,SME
CUST058776,Ms. Olivia Simmons,Female,38,Littoral,Premium,2026-02-13,Suspended,SME
CUST092968,Deborah Mathews,Male,31,North,Basic,2026-04-14,Active,Corporate
CUST063305,Lisa Lee,Female,31,North,Premium,2022-01-19,Suspended,Corporate
CUST023802,Margaret Thompson,Male,46,North,Business,2023-03-28,Inactive,Residential
CUST048389,Richard Ball,Male,25,West,Basic,2021-06-20,Inactive,Residential
CUST092602,Dr. Nancy James,Female,37,North,Business,2023-11-05,Active,Corporate
CUST078764,John Banks,Male,24,South,Basic,2024-02-10,Suspended,SME
CUST062908,Martin Gonzalez,Male,52,Littoral,Basic,2025-02-04,Inactive,Residential
CUST008104,Matthew Smith,Male,20,North,Premium,2025-01-28,Inactive,SME
CUST067043,Tanner Smith,Male,64,Central,Premium,2025-07-29,Suspended,Residential
CUST009376,Daryl Williams,Male,44,Central,Unlimited,2024-07-16,Active,Corporate
CUST003029,Jasmine Murphy,Male,49,Central,Basic,2025-05-04,Suspended,Corporate
CUST073744,Grant Diaz,Male,45,Central,Business,2023-11-15,Suspended,Residential
CUST028783,Todd Boyd,Female,64,Littoral,Business,2022-04-21,Suspended,Residential
CUST061371,Todd Rodriguez,Female,68,East,Business,2026-05-09,Active,SME
CUST000394,Jimmy Davis,Male,47,East,Business,2025-06-26,Inactive,Residential
CUST052256,Beth Gomez,Female,33,Central,Basic,2022-01-24,Active,Youth
CUST014064,Sara Case,Male,56,East,Unlimited,2021-10-12,Active,Youth
CUST039355,Jessica Booker,Female,46,Central,Basic,2022-08-13,Active,Residential
CUST073881,Spencer Dixon,Female,21,West,Basic,2024-11-05,Suspended,Corporate
CUST048350,Trevor Clark,Female,65,North,Premium,2021-05-23,Suspended,SME
CUST027934,Daniel Vega,Female,37,West,Business,2023-12-22,Suspended,SME
CUST042266,Mrs. Margaret Hines MD,Male,44,Central,Business,2022-11-23,Inactive,SME
CUST099377,Kerry Larson,Male,19,East,Unlimited,2026-02-27,Active,Corporate
CUST058441,Andrea Lester,Female,44,South,Premium,2025-01-12,Active,Residential
CUST035044,Ricky Austin,Male,32,East,Unlimited,2022-02-21,Active,Residential
CUST050311,Steven Williams,Male,56,Central,Premium,2023-01-14,Active,Corporate
CUST093914,Nicholas Garrison,Male,42,East,Unlimited,2021-09-02,Inactive,Residential
CUST067193,Jenna Hernandez,Female,23,North,Basic,2023-11-15,Inactive,SME
CUST047754,Christine Howard,Female,69,East,Premium,2023-04-02,Active,Residential
CUST015268,Andrew Oneal,Male,63,Littoral,Unlimited,2022-02-25,Inactive,SME
CUST037274,Frank Tran,Male,36,Littoral,Business,2025-02-15,Active,Corporate
CUST049527,Valerie Wilson,Male,20,Central,Business,2024-10-22,Suspended,Residential
CUST012818,Rachel Wu,Male,20,East,Basic,2024-05-13,Active,Youth
CUST035875,Kristi Mcgrath,Male,29,South,Business,2024-04-11,Suspended,Corporate
CUST015292,Kevin Davis,Female,57,East,Business,2025-06-27,Suspended,Corporate
CUST038831,Richard Hernandez,Male,56,South,Business,2026-04-05,Suspended,Youth
CUST010987,Tammy Oneill,Female,62,Littoral,Premium,2025-11-01,Suspended,Corporate
CUST081943,Pamela Martinez,Female,68,North,Basic,2023-05-15,Suspended,Youth
CUST025129,Michelle Rivera,Male,41,South,Premium,2023-10-21,Inactive,Corporate
CUST000997,Ryan Estrada,Female,30,North,Business,2023-10-17,Suspended,SME
CUST024486,Ryan Morton,Male,42,Littoral,Premium,2021-09-28,Suspended,Residential
CUST014187,Tonya Lopez MD,Female,52,East,Basic,2025-09-14,Inactive,Corporate
CUST089664,Joseph Stewart,Male,20,South,Business,2024-02-20,Inactive,Corporate
CUST023788,Anthony Huff,Female,60,Central,Unlimited,2021-06-22,Active,SME
CUST084775,Deborah Ramirez,Male,41,South,Premium,2023-07-11,Active,Residential
CUST071431,Samantha Wagner,Female,58,South,Unlimited,2024-10-08,Inactive,Youth
CUST095298,Rebecca Gregory,Female,67,Central,Premium,2025-12-06,Suspended,SME
CUST028151,Devin Lewis,Female,34,North,Unlimited,2023-07-10,Suspended,Youth
CUST040430,Amanda White,Female,26,North,Unlimited,2021-08-26,Inactive,SME
CUST089720,Gabriel English,Female,31,East,Basic,2024-01-14,Active,Corporate
CUST042941,Austin Williams,Female,62,West,Business,2021-09-08,Inactive,Youth
CUST017778,Julie Johnson,Male,65,South,Premium,2025-01-23,Active,Residential
CUST017551,Zachary Goodwin,Female,34,Central,Unlimited,2025-04-04,Suspended,Corporate
CUST031186,Angela Hood,Female,20,Central,Unlimited,2026-03-03,Suspended,Residential
CUST097590,Richard Bailey,Female,20,Littoral,Unlimited,2021-05-14,Suspended,SME
CUST084543,Barbara Davidson,Male,58,North,Unlimited,2024-06-06,Suspended,Youth
CUST067318,Katherine Lee,Female,34,West,Basic,2025-03-11,Active,Corporate
CUST043640,Reginald Schwartz,Female,37,Central,Unlimited,2023-02-09,Suspended,Youth
CUST041868,Ellen Turner,Female,50,Central,Unlimited,2022-03-05,Suspended,SME
CUST091407,Karen Nelson,Female,18,South,Unlimited,2024-01-12,Active,Residential
CUST088433,Tammy Sanchez,Female,68,North,Business,2024-02-22,Inactive,Corporate
CUST070189,Michael Walker,Male,24,Littoral,Unlimited,2026-01-20,Suspended,Corporate
CUST054355,Lisa Riley,Male,58,East,Basic,2023-01-23,Inactive,SME
CUST068917,Frank Mejia,Male,21,Littoral,Premium,2021-07-05,Inactive,Corporate
CUST061158,Janet Bray,Male,47,North,Business,2024-11-30,Active,SME
CUST006308,Ian Henderson,Female,62,West,Basic,2025-11-25,Suspended,SME
CUST041205,Nicholas Wiggins,Male,62,North,Premium,2026-01-16,Suspended,Youth
CUST055802,Leon Walsh,Female,46,Central,Premium,2023-02-07,Active,Youth
CUST057714,Bobby Sanders,Male,34,Littoral,Premium,2025-07-31,Active,Youth
CUST039668,Rhonda Hall,Male,60,East,Premium,2023-11-29,Suspended,Residential
CUST020887,Sean Lee,Male,28,West,Basic,2025-09-15,Active,Corporate
CUST044268,Jimmy Watson,Male,26,South,Premium,2021-05-22,Suspended,Corporate
CUST015871,Gabriel Gonzalez,Male,21,Littoral,Premium,2021-10-11,Suspended,Corporate
CUST073958,Melissa Tanner,Male,58,South,Unlimited,2026-03-05,Active,Corporate
CUST036294,Carrie Coffey,Female,34,Central,Premium,2023-07-02,Active,Residential
CUST067297,James Walton,Female,21,East,Unlimited,2022-03-13,Active,Corporate
CUST097178,Victor Hernandez,Male,63,Littoral,Business,2024-05-05,Inactive,Residential
CUST038320,Diane Williams,Female,25,North,Premium,2026-04-28,Suspended,Corporate
CUST064396,Stephen Hoffman,Female,38,South,Premium,2026-03-03,Inactive,Corporate
CUST067116,Carmen Hogan,Female,28,East,Unlimited,2022-07-09,Active,Youth
CUST063372,Tara Peters,Male,29,South,Premium,2024-08-31,Suspended,Residential
CUST063760,Brianna Brady,Male,23,West,Business,2021-05-11,Active,Corporate
CUST065382,Gina Stevenson,Male,46,Central,Premium,2025-04-25,Suspended,SME
CUST059791,Rebecca Ward,Male,37,South,Premium,2025-02-01,Suspended,Residential
CUST005066,Paul Coffey,Female,32,South,Basic,2024-10-18,Active,Youth
CUST039123,Paula Jones,Female,44,Central,Basic,2024-11-06,Active,Youth
CUST029970,Kendra Allen,Male,65,Central,Basic,2023-08-13,Suspended,Youth
CUST016340,Andrew Holder,Female,41,Littoral,Basic,2026-01-26,Suspended,Residential
CUST046952,Kaitlyn Osborn,Female,25,North,Premium,2022-08-18,Inactive,Youth
CUST080942,Brandon Macias,Male,40,North,Unlimited,2021-11-25,Suspended,Corporate
CUST057070,Eric Hill,Female,70,North,Premium,2025-05-06,Active,Corporate
CUST009447,Wesley Fuentes,Female,48,East,Premium,2025-10-20,Active,Residential
CUST076517,Mariah Horton,Female,49,West,Basic,2022-08-01,Suspended,Residential
CUST097585,Kevin Kelly,Female,69,Littoral,Unlimited,2022-11-08,Suspended,Corporate
CUST060169,Tina Santos,Male,37,North,Business,2024-10-29,Suspended,Residential
CUST004310,Casey Young,Female,34,North,Unlimited,2025-04-27,Inactive,SME
CUST080125,Wayne Baldwin,Female,39,Littoral,Business,2025-02-22,Inactive,SME
CUST041854,Jane Williams,Male,22,West,Premium,2026-01-24,Suspended,SME
CUST074895,Courtney Holmes,Female,18,East,Unlimited,2025-09-24,Suspended,Corporate
CUST025690,Christopher Williams,Male,29,East,Premium,2024-08-19,Inactive,Residential
CUST090596,Brenda Orozco,Male,59,Littoral,Unlimited,2022-09-20,Suspended,Residential
CUST015904,Sherri Smith,Male,26,West,Premium,2025-06-27,Active,Corporate
CUST006046,Erica Avery,Female,42,North,Premium,2025-03-26,Suspended,Corporate
CUST002803,Misty Gomez,Female,26,North,Basic,2022-04-21,Suspended,Corporate
CUST022327,Amy Marshall,Female,21,East,Business,2023-04-11,Active,Youth
CUST092555,Paul Pearson,Female,33,Central,Basic,2022-12-20,Active,Youth
CUST080687,Carolyn Mckenzie,Male,23,East,Unlimited,2026-03-28,Active,SME
CUST067176,Jesus Ortega,Male,59,North,Business,2024-05-26,Active,Residential
CUST069062,Taylor Brooks,Female,42,East,Basic,2021-08-04,Suspended,SME
CUST017271,Michelle Meadows,Male,59,East,Premium,2022-04-22,Active,Youth
CUST030645,Randy Norris,Male,24,South,Premium,2024-09-01,Inactive,SME
CUST028741,Donald Vargas,Male,58,Littoral,Business,2026-03-03,Active,Corporate
CUST027632,Kimberly Barron,Male,25,North,Premium,2022-09-20,Inactive,SME
CUST092953,Matthew Cortez,Female,37,South,Premium,2026-01-25,Active,Residential
CUST070882,Monica Schroeder,Female,55,East,Premium,2025-08-27,Suspended,Residential
CUST015377,Stephanie Baker,Female,34,East,Unlimited,2023-07-07,Inactive,Corporate
CUST085751,Amy Valenzuela,Female,55,Central,Unlimited,2025-11-30,Suspended,Residential
CUST086729,John Phillips,Male,39,North,Business,2021-10-27,Active,Residential
CUST037883,Christina Kerr,Male,28,Central,Business,2025-05-07,Suspended,SME
CUST022950,Henry Smith,Male,44,East,Basic,2023-11-22,Suspended,Youth
CUST082271,Peter Nichols,Female,22,North,Unlimited,2022-08-29,Active,Residential
CUST061234,Margaret Bishop,Female,22,South,Unlimited,2024-09-22,Active,Residential
CUST030703,Dawn White,Female,30,West,Unlimited,2021-10-21,Inactive,Youth
CUST068438,Stacie Brennan,Male,31,North,Premium,2022-05-31,Inactive,Residential
CUST057414,Mario Estes,Male,31,South,Unlimited,2022-10-13,Inactive,Residential
CUST095979,Jennifer Sandoval,Female,58,South,Business,2022-03-05,Active,Residential
CUST070566,Christina King,Male,30,West,Business,2026-05-08,Suspended,Corporate
CUST037732,Erin Hernandez,Male,29,South,Premium,2025-10-29,Suspended,Residential
CUST041049,Gregory Webb,Male,50,East,Unlimited,2021-06-21,Suspended,Corporate
CUST035494,Rebekah Bowman,Male,36,South,Basic,2023-07-26,Active,SME
CUST012773,Ryan Arnold,Male,30,East,Business,2023-12-01,Inactive,Residential
CUST063480,Vincent Medina,Female,36,North,Unlimited,2024-04-05,Suspended,SME
CUST046627,William Barton,Female,44,West,Premium,2025-10-26,Active,SME
CUST023150,Brandon Savage,Female,49,South,Unlimited,2025-08-21,Suspended,Corporate
CUST068165,Dawn Buckley,Male,66,South,Basic,2025-05-11,Active,SME
CUST095603,David Blanchard,Female,45,Central,Unlimited,2025-05-07,Suspended,Youth
CUST088947,Katherine White,Female,24,South,Unlimited,2026-02-28,Inactive,Corporate
CUST070544,Bernard Macias,Male,61,North,Unlimited,2023-10-08,Suspended,Youth
CUST059544,Ashley Allen,Female,33,North,Business,2023-09-02,Inactive,Corporate
CUST039881,Kimberly Zhang,Male,54,East,Unlimited,2022-09-01,Inactive,SME
CUST050212,Wendy Johnson,Female,18,Littoral,Basic,2024-11-20,Active,Youth
CUST057096,Harold Avila,Female,63,Central,Premium,2024-03-19,Suspended,SME
CUST010094,Laura Rubio,Female,65,West,Unlimited,2022-07-12,Inactive,Youth
CUST050296,Elizabeth Vargas,Male,69,Central,Basic,2025-10-15,Inactive,Residential
CUST066863,Christopher Fleming,Male,63,South,Unlimited,2023-09-02,Active,SME
CUST058446,Amy Rasmussen,Male,33,West,Unlimited,2024-11-01,Active,Youth
CUST089866,Michelle Thompson,Male,46,Littoral,Business,2023-01-04,Inactive,Corporate
CUST041361,Stephen Larson,Male,37,South,Premium,2024-03-26,Suspended,Youth
CUST014048,David Martinez,Male,21,East,Unlimited,2022-07-30,Inactive,Corporate
CUST057279,Micheal Moon,Male,55,North,Basic,2024-07-21,Active,Residential
CUST002804,Christopher Jenkins,Female,55,West,Premium,2024-11-24,Suspended,Residential
CUST031158,Nancy Stanton,Male,68,East,Business,2022-10-13,Inactive,SME
CUST047705,Francisco Walker,Female,41,South,Basic,2026-03-16,Active,Corporate
CUST074252,Matthew Taylor,Female,63,West,Business,2023-07-19,Active,Youth
CUST068511,Nathan Giles,Female,30,West,Business,2025-11-10,Active,Residential
CUST064722,Sharon Day,Male,31,Littoral,Basic,2023-08-04,Active,Corporate
CUST059463,Katelyn Medina,Female,47,West,Premium,2023-05-31,Suspended,Youth
CUST050272,Benjamin Wilson,Female,52,Central,Business,2026-02-15,Active,Residential
CUST017040,Jessica Torres,Male,52,Central,Unlimited,2022-12-22,Active,SME
CUST043424,Cody Jones,Male,59,Central,Business,2022-08-31,Active,Corporate
CUST016745,Mary Miranda,Male,39,Littoral,Business,2024-12-21,Suspended,Corporate
CUST049247,Emma Anderson,Male,34,North,Premium,2023-08-30,Active,SME
CUST093639,Courtney Howell,Female,20,South,Premium,2022-01-20,Active,Corporate
CUST006537,Teresa Rogers,Female,43,Littoral,Unlimited,2023-05-17,Active,Residential
CUST044825,Mary King,Male,55,West,Unlimited,2022-06-02,Active,Corporate
CUST071710,Jose Jenkins,Male,27,South,Basic,2023-07-12,Active,Youth
CUST053295,Noah Howard,Male,34,North,Premium,2024-10-30,Active,Youth
CUST082482,Breanna Rhodes,Female,47,Littoral,Premium,2024-05-14,Suspended,SME
CUST031447,Loretta Gardner DDS,Female,36,South,Business,2023-03-01,Inactive,SME
CUST070646,Crystal May,Male,44,North,Premium,2025-08-29,Active,Corporate
CUST003569,Alexis Benson,Female,21,Littoral,Basic,2025-06-07,Suspended,Youth
CUST013152,Terry Duke,Male,34,North,Premium,2023-08-15,Suspended,Residential
CUST019663,Thomas Freeman,Male,37,Littoral,Unlimited,2022-10-10,Inactive,Residential
CUST036906,John Newton,Male,38,East,Unlimited,2022-10-09,Suspended,Residential
CUST031729,Jacob Pruitt,Male,64,Littoral,Business,2025-08-13,Suspended,Residential
CUST017549,Veronica Shepherd,Male,64,South,Business,2024-01-06,Suspended,Corporate
CUST037159,Stephen Stevenson,Male,25,North,Business,2025-11-13,Suspended,SME
CUST074679,Jared Bryan,Female,44,West,Unlimited,2025-11-03,Suspended,Corporate
CUST069767,Cynthia Ward,Male,20,South,Basic,2025-09-01,Inactive,Youth
CUST059826,Amanda Norton,Male,58,Central,Premium,2021-10-22,Active,Youth
CUST008540,Nathan Pena,Female,49,South,Business,2026-04-16,Active,Youth
CUST084511,Brittany Morgan,Male,40,West,Basic,2021-10-16,Inactive,Youth
CUST070979,Karen Blake,Female,63,South,Unlimited,2023-02-17,Active,Residential
CUST012838,Mitchell Doyle,Male,32,Central,Unlimited,2023-05-19,Active,Corporate
CUST027331,Eric Brown,Male,23,East,Unlimited,2022-03-04,Suspended,SME
CUST033896,William Evans,Female,29,Central,Unlimited,2026-04-02,Inactive,Residential
CUST007558,Christina Adams,Male,43,North,Business,2025-08-14,Suspended,Youth
CUST090974,Martin Taylor,Female,50,West,Premium,2024-04-14,Active,Residential
CUST068456,Amanda Howell,Female,35,West,Basic,2025-05-28,Active,Youth
CUST069760,James Mcgee,Female,67,South,Basic,2025-09-02,Active,Corporate
CUST085369,Amanda Thompson,Female,35,West,Premium,2021-07-09,Inactive,Youth
CUST097033,Lisa Walton,Female,70,North,Unlimited,2021-12-10,Active,Residential
CUST026163,Anthony Foley,Male,68,North,Unlimited,2024-06-10,Active,Corporate
CUST044800,Nancy Zamora,Male,51,North,Unlimited,2025-08-25,Suspended,Youth
CUST026600,Monica Williams,Male,67,Littoral,Premium,2021-07-10,Active,Youth
CUST072863,Desiree Lawson,Female,26,North,Premium,2023-09-16,Inactive,Corporate
CUST054312,Michael Lindsey,Female,27,South,Basic,2025-04-29,Active,Residential
CUST027933,Nicole Logan,Female,58,East,Premium,2023-06-09,Inactive,SME
CUST001319,Jason Daniels,Female,55,West,Unlimited,2024-06-09,Suspended,SME
CUST000648,Larry Ellis,Female,35,East,Basic,2022-05-05,Active,SME
CUST094666,Brian Williamson,Female,26,West,Premium,2025-03-15,Inactive,Corporate
CUST096662,Jasmine Navarro,Male,54,North,Unlimited,2026-03-27,Inactive,Corporate
CUST044090,Karen Stephens,Male,28,Central,Basic,2023-01-02,Inactive,SME
CUST013831,Scott Smith,Female,69,Central,Unlimited,2024-02-29,Active,SME
CUST094126,Mark King,Female,67,East,Business,2022-12-02,Inactive,Youth
CUST080013,Andrew Huerta,Female,19,East,Premium,2021-07-03,Inactive,Corporate
CUST096950,Anthony Rios MD,Male,56,West,Premium,2024-07-27,Active,SME
CUST065867,Christina Welch,Female,45,South,Business,2021-07-12,Inactive,Corporate
CUST047728,Omar Tyler,Male,33,North,Basic,2023-06-04,Inactive,Corporate
CUST037877,Michael Reyes,Male,40,North,Basic,2024-02-25,Inactive,SME
CUST073520,Stephanie Huerta,Female,67,South,Unlimited,2022-03-07,Inactive,Corporate
CUST014764,Brittany Brown,Female,44,West,Business,2023-02-11,Active,Youth
CUST088980,Sergio Phillips,Female,38,North,Premium,2024-06-12,Active,Youth
CUST053791,Daniel Fleming,Male,21,East,Unlimited,2022-09-30,Inactive,Corporate
CUST068864,Tammy Mason,Female,24,East,Unlimited,2022-12-28,Suspended,Corporate
CUST080652,Deanna Harris,Male,46,North,Business,2023-03-05,Active,Youth
CUST026511,Sherry Pearson,Male,47,North,Business,2023-05-08,Inactive,Residential
CUST017852,Elizabeth Crawford,Female,30,East,Basic,2021-10-02,Suspended,Corporate
CUST048939,Teresa Smith,Male,55,East,Premium,2022-04-27,Active,SME
CUST005140,Keith Lewis,Male,68,Littoral,Premium,2025-05-22,Suspended,Residential
CUST073321,Amber George,Female,20,Littoral,Business,2022-12-16,Active,Corporate
CUST001213,Luke Lynch,Female,27,West,Premium,2026-02-16,Inactive,Corporate
CUST092099,Jeremy Carroll,Male,25,South,Unlimited,2023-06-09,Inactive,Youth
CUST028067,Paul Adams,Male,18,East,Business,2024-10-23,Suspended,Corporate
CUST034089,Jason Sharp,Male,27,South,Premium,2025-03-07,Suspended,SME
CUST077653,Miranda Brown,Male,31,West,Basic,2023-12-30,Suspended,Residential
CUST045977,Tammy Williams,Female,43,Littoral,Basic,2023-03-23,Inactive,SME
CUST030483,Wyatt Mclaughlin,Female,23,North,Business,2021-07-08,Suspended,Corporate
CUST061362,Manuel Smith,Male,51,West,Unlimited,2023-11-08,Suspended,Residential
CUST003449,Chelsea Nelson,Male,45,North,Basic,2022-10-22,Suspended,Residential
CUST092145,Anthony Werner,Female,42,South,Business,2025-01-03,Active,Corporate
CUST007319,Phillip Mccarty,Male,47,Littoral,Basic,2023-10-21,Suspended,Youth
CUST087013,Amy Wright,Female,63,North,Premium,2023-05-21,Suspended,SME
CUST078380,Brianna Gomez,Male,50,East,Unlimited,2022-08-03,Suspended,Corporate
CUST040386,Henry Jones,Male,24,South,Basic,2022-08-08,Active,Youth
CUST072551,Timothy Murphy,Female,41,North,Business,2023-01-12,Inactive,Youth
CUST067376,Felicia Ewing,Male,64,Central,Unlimited,2021-09-03,Inactive,SME
CUST004035,Karen Valdez,Female,53,West,Premium,2023-12-31,Suspended,Residential
CUST017881,John Becker,Male,65,South,Premium,2023-09-08,Inactive,Residential
CUST035833,Jose Khan,Male,56,East,Premium,2023-10-30,Suspended,Youth
CUST060814,Eric Watson,Male,52,Central,Business,2022-10-04,Suspended,Residential
CUST007413,Catherine Bradley,Female,37,North,Business,2023-11-27,Inactive,Residential
CUST014181,Paula Frazier,Female,41,West,Basic,2022-07-29,Active,Youth
CUST029992,Andrea Pham,Female,34,Littoral,Business,2023-10-29,Inactive,Youth
CUST015253,Kari Espinoza,Female,26,East,Unlimited,2022-08-07,Active,Residential
CUST018531,Casey Bell,Male,59,North,Unlimited,2024-12-15,Active,Residential
CUST007256,Elizabeth Drake,Female,29,East,Unlimited,2022-09-17,Inactive,Corporate
CUST003584,Larry Yu,Female,49,Littoral,Unlimited,2021-09-17,Inactive,Youth
CUST023418,Rhonda Smith,Male,48,North,Basic,2025-09-21,Active,Corporate
CUST077593,Pamela Carter,Female,50,West,Business,2024-07-16,Active,Corporate
CUST048151,Mark Gonzalez,Female,25,Central,Business,2024-12-20,Active,Residential
CUST069212,Mary Figueroa,Male,38,West,Basic,2021-07-06,Inactive,Residential
CUST085723,Ashley Thompson,Male,58,Central,Premium,2024-01-15,Inactive,Youth
CUST088142,Travis Nelson,Female,25,West,Business,2025-10-28,Active,SME
CUST014745,Tamara Dickerson,Male,30,North,Business,2025-10-18,Inactive,Corporate
CUST071346,Michael Turner,Female,45,East,Basic,2024-12-12,Active,Corporate
CUST059839,Carmen Bridges,Female,31,North,Business,2024-12-06,Suspended,Residential
CUST057618,Kristopher Mathis,Male,67,South,Basic,2021-10-11,Suspended,Youth
CUST079399,Bradley Hess,Male,38,South,Business,2025-06-01,Inactive,Corporate
CUST073981,Jeffrey Finley MD,Male,46,South,Basic,2025-01-27,Inactive,Corporate
CUST000362,Joshua Smith,Male,30,East,Unlimited,2022-10-18,Inactive,SME
CUST012125,Jesse Rodgers,Female,46,West,Premium,2021-10-04,Suspended,Residential
CUST054067,Alison Jones,Male,37,South,Business,2021-10-16,Suspended,SME
CUST034483,Nicole Wright,Male,38,East,Premium,2022-09-13,Active,Residential
CUST074452,Brian Wright,Female,18,East,Unlimited,2025-06-27,Inactive,Corporate
CUST025386,Tracey Howell,Male,44,South,Unlimited,2022-09-26,Suspended,Corporate
CUST070521,Eric Krueger,Female,50,Central,Basic,2023-09-20,Inactive,Residential
CUST084948,Mary Underwood DVM,Female,52,West,Unlimited,2024-08-16,Inactive,SME
CUST079530,David Nixon,Male,27,Central,Business,2025-08-04,Inactive,Youth
CUST015716,Connor Webster,Male,54,Central,Basic,2024-08-13,Active,Residential
CUST054183,Mrs. Penny Zhang PhD,Male,25,East,Unlimited,2024-02-29,Suspended,Youth
CUST094967,Brandon Callahan,Male,54,Littoral,Business,2025-05-25,Inactive,Residential
CUST061620,Robert Johnson,Male,32,West,Business,2022-09-18,Suspended,Residential
CUST078002,David Phillips,Male,54,North,Premium,2023-12-03,Active,Youth
CUST016620,Melissa Holden,Female,37,North,Unlimited,2021-06-20,Inactive,Corporate
CUST041438,Sara Johnson,Female,47,Littoral,Premium,2024-07-02,Active,Youth
CUST009808,Robert Anderson,Male,35,Central,Business,2021-06-13,Suspended,SME
CUST006590,Tracy Bryant,Female,59,Littoral,Unlimited,2022-03-29,Inactive,SME
CUST032664,Casey Ramirez,Male,31,East,Premium,2022-09-18,Suspended,Youth
CUST081244,Taylor Jones,Male,57,South,Basic,2022-08-18,Suspended,SME
CUST076211,Colleen Johnson,Female,32,North,Unlimited,2024-09-04,Suspended,SME
CUST021971,Amy Swanson,Male,43,Central,Premium,2024-02-28,Active,Youth
CUST032454,Katherine Friedman,Male,37,Littoral,Unlimited,2025-02-26,Suspended,Youth
CUST019522,Amy Anderson,Male,27,South,Business,2025-04-14,Suspended,Youth
CUST089884,Nicole Hensley,Female,28,South,Premium,2025-02-25,Suspended,Youth
CUST060721,Michelle Mcintosh,Male,21,North,Basic,2026-02-12,Active,SME
CUST056495,Patrick Chavez,Male,65,East,Premium,2021-12-20,Active,SME
CUST051792,Scott Rogers,Female,28,Central,Premium,2021-10-05,Suspended,Corporate
CUST069585,Douglas Rose,Female,70,East,Unlimited,2026-03-27,Suspended,Corporate
CUST092993,Megan Martinez,Female,30,East,Basic,2025-01-04,Inactive,Residential
CUST007158,Brooke King,Female,63,West,Basic,2025-07-17,Inactive,SME
CUST088960,James Weiss,Female,30,East,Premium,2024-01-12,Suspended,Youth
CUST025679,Matthew Campbell,Male,61,East,Basic,2023-11-16,Suspended,SME
CUST060188,Heather Johnson,Female,34,East,Unlimited,2025-12-10,Inactive,Youth
CUST067865,Jessica Franco,Male,29,Central,Unlimited,2022-07-21,Inactive,SME
CUST018387,Brandy Sweeney,Female,23,Littoral,Premium,2026-03-26,Suspended,Youth
CUST082810,Matthew Johnson,Male,27,Littoral,Business,2022-10-29,Suspended,Youth
CUST097605,Angela Parker,Female,46,West,Unlimited,2023-04-04,Inactive,Youth
CUST046415,Christopher Hudson,Female,37,Littoral,Business,2022-10-03,Active,Youth
CUST018392,Matthew Young,Female,50,Littoral,Premium,2022-04-10,Inactive,SME
CUST087067,Catherine Grant,Male,67,West,Premium,2022-04-06,Inactive,Youth
CUST034630,Amanda Payne,Male,70,East,Basic,2021-12-30,Active,Residential
CUST041422,Michael Ross,Male,65,North,Premium,2024-05-04,Active,Residential
CUST095337,Tony Torres,Female,70,North,Basic,2023-06-21,Suspended,Corporate
CUST039723,Allen Wilson,Female,20,Central,Business,2022-02-20,Suspended,Corporate
CUST081742,Jonathan Gardner,Male,51,East,Premium,2023-07-27,Inactive,Corporate
CUST046827,Justin Schmidt,Female,29,Littoral,Basic,2022-11-23,Active,SME
CUST020077,Taylor Taylor,Male,53,South,Business,2023-04-06,Inactive,Youth
CUST006285,Jeffery Carr,Male,48,South,Business,2026-02-25,Inactive,SME
CUST066838,Benjamin Johnson,Male,43,Littoral,Unlimited,2021-10-30,Suspended,SME
CUST046213,Elizabeth Marquez,Female,66,South,Unlimited,2022-02-18,Active,SME
CUST046860,Richard Ortega,Male,45,East,Business,2025-06-10,Inactive,Corporate
CUST045261,Andrea Jones,Male,32,South,Basic,2022-06-06,Active,Corporate
CUST058360,Kyle Clarke,Male,38,North,Unlimited,2023-08-24,Inactive,Residential
CUST035222,Cameron Cook,Male,50,East,Basic,2022-05-23,Inactive,Residential
CUST051636,Stephanie Jackson,Female,22,Littoral,Basic,2023-11-27,Inactive,SME
CUST071071,Denise Beltran,Female,20,Central,Business,2023-05-29,Active,Youth
CUST079126,Bonnie Lewis,Male,23,Central,Basic,2022-07-01,Active,Corporate
CUST071702,Joseph Hernandez,Male,66,West,Premium,2024-10-12,Inactive,Youth
CUST018597,Raymond Jordan,Male,19,West,Business,2024-06-09,Active,SME
CUST044039,David Evans,Female,41,East,Business,2026-01-21,Suspended,Corporate
CUST059834,Louis Choi,Female,40,South,Unlimited,2023-09-14,Inactive,Residential
CUST041660,Sarah Washington,Male,54,East,Unlimited,2022-04-12,Suspended,SME
CUST086906,Lisa Mcgee,Male,64,East,Premium,2021-06-12,Suspended,Youth
CUST034882,Lori Cuevas,Female,64,Central,Basic,2025-10-30,Active,Youth
CUST057893,Michael Davis,Male,37,South,Business,2021-06-09,Active,Youth
CUST009020,Sarah Bowers,Male,24,East,Business,2025-11-01,Suspended,Residential
CUST072876,Charles Reyes,Male,33,Central,Premium,2023-03-23,Active,SME
CUST018065,Keith West,Male,43,West,Basic,2023-01-16,Suspended,Youth
CUST072275,Amy Ramsey,Male,18,East,Premium,2025-11-20,Active,SME
CUST093612,Jasmin Jordan,Male,23,East,Unlimited,2021-12-06,Suspended,SME
CUST049959,Allison Black,Female,45,Central,Unlimited,2021-12-14,Suspended,Residential
CUST043893,Brian Perkins,Female,69,South,Premium,2021-10-28,Inactive,Corporate
CUST046395,Daniel Hoover,Female,45,Littoral,Premium,2024-06-08,Suspended,Corporate
CUST068564,Denise Keller,Male,46,Littoral,Premium,2024-10-29,Inactive,Corporate
CUST039667,Katie Mcclure,Female,19,West,Unlimited,2024-07-03,Active,Youth
CUST095907,Jason Lang,Female,61,North,Premium,2024-05-06,Suspended,Youth
CUST040235,Kristin Friedman,Male,59,Central,Business,2022-10-20,Suspended,Residential
CUST081837,Evelyn Anderson,Female,22,North,Premium,2026-01-23,Inactive,Youth
CUST002054,Andrew Bullock,Male,44,East,Basic,2022-12-28,Active,Residential
CUST037511,Amanda Joseph,Female,38,South,Basic,2025-11-06,Active,Corporate
CUST091396,Raymond Dalton,Male,22,North,Premium,2023-08-13,Inactive,Youth
CUST068903,Scott Webster,Female,65,Central,Basic,2022-07-18,Suspended,SME
CUST026005,Patrick Callahan,Male,58,East,Unlimited,2025-10-09,Inactive,Corporate
CUST082694,Jennifer Rivera,Female,25,Littoral,Premium,2024-01-01,Active,SME
CUST048049,Megan Hutchinson,Male,18,North,Basic,2026-01-18,Suspended,Residential
CUST046004,James Jones,Male,65,South,Unlimited,2026-01-07,Suspended,Residential
CUST081715,Alexander Cook,Male,69,East,Basic,2024-10-29,Inactive,Residential
CUST044496,Cheryl Cohen,Female,68,South,Business,2021-10-07,Active,Residential
CUST069513,Eric Mason,Male,58,South,Basic,2022-08-17,Suspended,SME
CUST093630,Joseph Adams,Male,36,Central,Basic,2025-06-10,Suspended,Residential
CUST086941,Mark Phillips,Female,39,South,Basic,2025-04-02,Active,Residential
CUST085153,Carl Hess,Male,43,West,Premium,2024-07-29,Active,Youth
CUST054962,Victor Ruiz,Female,22,West,Premium,2023-05-18,Inactive,Corporate
CUST055654,Kathryn Rose,Male,70,Littoral,Basic,2024-07-12,Active,Residential
CUST036465,Rodney Allen,Male,19,North,Business,2024-01-10,Inactive,Youth
CUST083222,Paige Velazquez,Male,28,Central,Unlimited,2022-10-13,Active,SME
CUST094780,Madeline Johnson,Female,56,East,Premium,2023-03-08,Inactive,Residential
CUST042388,John Arnold,Male,35,Littoral,Business,2025-01-05,Suspended,Residential
CUST075479,Caleb Moore,Female,64,West,Premium,2025-02-18,Inactive,Youth
CUST041553,Gary Livingston,Male,53,Littoral,Unlimited,2024-04-18,Suspended,Residential
CUST053619,Victoria Freeman,Male,48,West,Business,2021-10-21,Active,Youth
CUST069241,Kelly Brennan,Female,31,North,Business,2023-05-19,Active,Youth
CUST074451,Chloe Fuller,Male,61,South,Basic,2021-08-05,Inactive,SME
CUST075991,Kathleen Shaw,Female,51,Littoral,Unlimited,2024-12-29,Inactive,Corporate
CUST008828,David Rodriguez,Male,52,Central,Business,2024-08-08,Inactive,Corporate
CUST082929,Anthony Smith,Female,57,South,Unlimited,2023-10-24,Suspended,Youth
CUST073524,David Spencer,Male,47,Central,Premium,2021-06-09,Suspended,Residential
CUST022497,Colleen Mason,Male,54,East,Basic,2021-06-18,Inactive,SME
CUST099973,Kimberly Douglas,Male,30,East,Business,2023-12-19,Active,Youth
CUST032157,William Zimmerman,Female,45,East,Premium,2021-12-23,Suspended,Corporate
CUST030123,Belinda Jackson,Male,47,Central,Unlimited,2025-05-16,Suspended,Corporate
CUST029465,Alyssa Robinson,Female,66,South,Premium,2025-10-05,Active,Residential
CUST078080,Alexandra Howell,Female,36,Central,Business,2024-05-03,Suspended,Youth
CUST065341,Matthew Olson,Male,69,Central,Basic,2022-12-05,Active,Youth
CUST016523,Darin Diaz,Male,41,East,Unlimited,2021-12-11,Suspended,Residential
CUST008222,Amanda Greer,Male,56,Littoral,Basic,2026-05-08,Active,SME
CUST053886,Dale Young,Male,62,North,Premium,2023-09-09,Active,Youth
CUST024973,David Clark,Female,26,East,Premium,2023-03-29,Suspended,Corporate
CUST093075,Alexandria Ellis,Male,31,West,Premium,2025-07-19,Active,Youth
CUST080362,Mark Hall,Male,55,West,Premium,2022-09-15,Inactive,SME
CUST008852,Joshua Herring,Male,55,Littoral,Unlimited,2025-09-24,Inactive,Corporate
CUST033260,Wendy Garcia,Male,68,South,Business,2026-02-12,Active,Youth
CUST021296,Anna Ruiz,Male,18,East,Business,2022-02-09,Inactive,Youth
CUST090375,Jennifer Evans,Female,23,East,Business,2024-07-28,Suspended,SME
CUST041149,Stephen Bennett,Male,26,East,Basic,2022-08-13,Inactive,Youth
CUST037011,Dr. Amy Schultz,Male,29,South,Business,2024-08-15,Suspended,Residential
CUST082158,Wayne Simpson,Male,64,North,Basic,2022-03-26,Inactive,Corporate
CUST062399,Chad Campbell,Male,66,South,Business,2024-05-29,Inactive,Youth
CUST033101,Nathan Ray,Female,50,South,Business,2025-06-20,Suspended,SME
CUST087673,Randy Cook,Male,55,Central,Premium,2024-06-19,Inactive,SME
CUST032809,Melissa Myers,Male,40,West,Unlimited,2021-10-25,Active,Youth
CUST078213,Devin Joseph,Male,42,South,Premium,2024-12-06,Suspended,Residential
CUST079029,Adam Williams,Female,39,West,Unlimited,2023-01-23,Suspended,SME
CUST075351,Mark Thomas,Female,67,West,Business,2022-08-17,Suspended,Youth
CUST058565,Daniel Moyer,Male,63,Littoral,Basic,2023-04-13,Active,Corporate
CUST073127,Thomas Haynes,Female,57,East,Unlimited,2022-09-21,Inactive,Residential
CUST063455,Adrian Daniels,Male,40,West,Business,2025-08-23,Active,Residential
CUST039788,Nicole Perez,Female,21,Littoral,Unlimited,2025-02-07,Suspended,SME
CUST020379,Tara Shaw,Female,34,South,Unlimited,2024-07-30,Active,SME
CUST052083,Devin Landry,Female,35,Central,Business,2021-10-04,Active,Residential
CUST096821,Jacob Delgado,Female,30,South,Basic,2024-09-02,Inactive,SME
CUST029974,Stacy Woods,Female,70,North,Unlimited,2021-07-02,Suspended,Youth
CUST031545,Luis Tran,Female,39,Central,Business,2024-06-08,Active,Corporate
CUST050594,Jeffrey Johnson,Male,65,Central,Basic,2023-05-04,Active,Residential
CUST062799,Antonio Rivera,Female,34,Central,Business,2025-08-18,Inactive,Corporate
CUST027860,Terry Bradshaw,Female,66,North,Business,2025-06-12,Active,Corporate
